{"sequenceVersion": "1.2.2", "geometryType": 0, "textureMode": 0, "DDS": false, "ASTC": false, "hasUVs": false, "hasNormals": false, "useCompression": false, "maxVertexCount": 13795, "maxIndiceCount": 0, "boundsCenter": {"x": 0.10450000315904617, "y": -0.1770000047981739, "z": 0.060500001069158316}, "boundsSize": {"x": 0.1210000067949295, "y": 0.15400000661611557, "z": 0.1090000020340085}, "textureWidth": 0, "textureHeight": 0, "textureSizeDDS": 0, "textureSizeASTC": 0, "headerSizes": [260, 260, 260, 260, 260, 260, 260, 260, 260, 260, 260, 260, 260, 260, 260, 260], "verticeCounts": [13533, 13636, 13762, 13770, 13786, 13688, 13623, 13587, 13595, 13637, 13722, 13795, 13785, 13749, 13613, 13500], "indiceCounts": [0, 0, 0, 0, 0, 0, 0, 0, 0, 0, 0, 0, 0, 0, 0, 0]}