{"geometryType": 0, "textureMode": 0, "DDS": false, "ASTC": false, "hasUVs": false, "hasNormals": false, "maxVertexCount": 13795, "maxIndiceCount": 0, "boundsCenter": [-0.10400000214576721, -0.17750000581145287, 0.06500000040978193], "boundsSize": [0.11800000071525574, 0.15300000458955765, 0.09799999929964542], "textureWidth": 0, "textureHeight": 0, "textureSizeDDS": 0, "textureSizeASTC": 0, "headerSizes": [260, 260, 260, 260, 260, 260, 260, 260, 260, 260, 260, 260, 260, 260, 260, 260], "verticeCounts": [13533, 13636, 13762, 13770, 13786, 13688, 13623, 13587, 13595, 13637, 13722, 13795, 13785, 13749, 13613, 13500], "indiceCounts": [0, 0, 0, 0, 0, 0, 0, 0, 0, 0, 0, 0, 0, 0, 0, 0]}