{"geometryType": 2, "textureMode": 2, "DDS": true, "ASTC": true, "hasUVs": true, "maxVertexCount": 1062, "maxIndiceCount": 3000, "maxBounds": [74.63894486427307, 64.97784010004355, 74.14774425370472, -72.57418632507324, -73.68347761177729, -72.67157784532849], "textureWidth": 128, "textureHeight": 128, "textureSizeDDS": 8192, "textureSizeASTC": 7744, "headerSizes": [268, 268, 268, 268, 268, 268, 268, 268, 268, 268, 268, 268, 268, 268, 268, 268, 268, 268, 268, 268, 268, 269, 269, 268, 268, 268, 269, 269, 269, 270, 270, 270, 269, 269, 269, 268, 268, 268, 269, 269, 268, 268, 268, 268, 268, 268, 268, 268, 268, 268, 268, 268, 268, 268, 268, 268, 268, 268, 268, 268], "verticeCounts": [767, 814, 805, 809, 869, 811, 877, 783, 754, 701, 668, 682, 664, 695, 769, 773, 767, 757, 931, 980, 985, 1007, 1062, 966, 963, 917, 1025, 1008, 1055, 1054, 1059, 1054, 1055, 1008, 1025, 917, 963, 966, 1062, 1007, 985, 980, 931, 757, 767, 773, 769, 695, 664, 682, 668, 701, 754, 783, 877, 811, 869, 809, 805, 814], "indiceCounts": [2580, 2580, 2604, 2556, 2556, 2580, 2580, 2472, 2376, 2292, 2220, 2232, 2196, 2160, 2292, 2328, 2304, 2256, 2508, 2760, 2832, 2844, 2892, 2760, 2712, 2736, 2856, 2880, 2976, 3000, 3000, 3000, 2976, 2880, 2856, 2736, 2712, 2760, 2892, 2844, 2832, 2760, 2508, 2256, 2304, 2328, 2292, 2160, 2196, 2232, 2220, 2292, 2376, 2472, 2580, 2580, 2556, 2556, 2604, 2580]}