{"sequenceVersion": "1.2.2", "geometryType": 2, "textureMode": 2, "DDS": true, "ASTC": true, "hasUVs": true, "hasNormals": false, "useCompression": false, "maxVertexCount": 662, "maxIndiceCount": 3000, "boundsCenter": {"x": -0.010323499999999985, "y": -0.043528500000000026, "z": 0.007380500000000012}, "boundsSize": {"x": 1.472131, "y": 1.386613, "z": 1.468193}, "textureWidth": 256, "textureHeight": 256, "textureSizeDDS": 32768, "textureSizeASTC": 29584, "headerSizes": [250, 250, 250, 250, 250, 250, 250, 250, 250, 250, 250, 250, 250, 250, 250, 250, 250, 250, 250, 250, 250, 250, 250, 250, 250, 250, 250, 250, 250, 250, 251, 250, 250, 250, 250, 250, 250, 250, 250, 250, 250, 250, 250, 250, 250, 250, 250, 250, 250, 250, 250, 250, 250, 250, 250, 250, 250, 250, 250, 250], "verticeCounts": [531, 530, 536, 534, 538, 538, 548, 522, 494, 483, 462, 466, 466, 460, 499, 504, 497, 480, 561, 618, 631, 643, 662, 609, 598, 599, 629, 632, 659, 660, 659, 660, 659, 632, 629, 599, 598, 609, 662, 643, 631, 618, 561, 480, 497, 504, 499, 460, 466, 466, 462, 483, 494, 522, 548, 538, 538, 534, 536, 530], "indiceCounts": [2580, 2580, 2604, 2544, 2556, 2580, 2568, 2442, 2376, 2280, 2214, 2232, 2190, 2160, 2280, 2304, 2298, 2256, 2496, 2754, 2832, 2838, 2886, 2754, 2712, 2730, 2850, 2880, 2964, 2994, 3000, 2994, 2964, 2880, 2850, 2730, 2712, 2754, 2886, 2838, 2832, 2754, 2496, 2256, 2298, 2304, 2280, 2160, 2190, 2232, 2214, 2280, 2376, 2442, 2568, 2580, 2556, 2544, 2604, 2580]}